Steph,Draymond
Steph,Livingston
Steph,Klay
Steph,Bogut
Steph,Iguodala
Steph,Klay
Klay,Draymond
Klay,Iguodala
Barnes,Livingston
Barnes,Draymond
Bogut,Barnes
Bogut,Barnes
Iguodala,Festus
Iguodala,Barbosa
Iguodala,Klay
Iguodala,Draymond
Iguodala,Livingston
Iguodala,Livingston
Draymond,Bogut
Draymond,Barnes
Draymond,Bogut
Draymond,Bogut
Draymond,Steph
Draymond,Barbosa
Draymond,Barbosa
Draymond,Barnes
Livingston,Iguodala
Livingston,Iguodala
Livingston,Barnes
Varejao,Barbosa